month,holidays
2017-01,January
2017-02,February
2017-03,March
2017-04,April
2017-05,May
2017-06,June
2017-07,July
2017-08,August
2017-09,September
2017-10,October
2017-11,November
2017-12,December
2018-01,January
2018-02,February
2018-03,March
2018-04,April
2018-05,May
2018-06,June
2018-07,July
2018-08,August
2018-09,September
2018-10,October
2018-11,November
2018-12,December
2019-01,January
2019-02,February
2019-03,March
2019-04,April
2019-05,May
2019-06,June
2019-07,July
2019-08,August
2019-09,September
2019-10,October
2019-11,November
2019-12,December
2020-01,January
2020-02,February
2020-03,March
2020-04,April
2020-05,May
2020-06,June
2020-07,July
2020-08,August
2020-09,September
2020-10,October
2020-11,November
2020-12,December
